high,low,open,close,volume
33100.02,32690,32999.98,32964.93,2208.14238
33043.32,32864.27,32963.51,33014.63,1115.688004
33156.69,32980.18,33014.62,33099.99,1144.815329
